-- Database dump generated by DatabaseExportService
-- Generated at 2026-05-09T14:56:27.9778654
SET FOREIGN_KEY_CHECKS = 0;

-- ----------------------------
-- Table structure for `ai_chat_history`
-- ----------------------------
CREATE TABLE `ai_chat_history` (
  `id` bigint NOT NULL AUTO_INCREMENT,
  `user_id` bigint NOT NULL COMMENT '用户ID',
  `family_id` bigint NOT NULL COMMENT '家庭ID',
  `message_type` enum('user','assistant') NOT NULL COMMENT '消息类型',
  `content` text NOT NULL COMMENT '消息内容',
  `created_at` timestamp NULL DEFAULT CURRENT_TIMESTAMP,
  PRIMARY KEY (`id`),
  KEY `idx_user_family` (`user_id`,`family_id`),
  KEY `idx_created_at` (`created_at`),
  KEY `fk_ai_chat_family` (`family_id`),
  CONSTRAINT `fk_ai_chat_family` FOREIGN KEY (`family_id`) REFERENCES `family` (`id`),
  CONSTRAINT `fk_ai_chat_user` FOREIGN KEY (`user_id`) REFERENCES `user` (`id`)
) ENGINE=InnoDB DEFAULT CHARSET=utf8mb4 COLLATE=utf8mb4_0900_ai_ci;

-- ----------------------------
-- Table structure for `consumption_record`
-- ----------------------------
CREATE TABLE `consumption_record` (
  `id` bigint NOT NULL AUTO_INCREMENT,
  `family_id` bigint NOT NULL,
  `ingredient_id` bigint NOT NULL,
  `quantity` decimal(10,2) NOT NULL COMMENT '消耗数量',
  `record_date` date NOT NULL COMMENT '记录日期',
  `meal_type` enum('早餐','午餐','晚餐','加餐') DEFAULT NULL COMMENT '餐次类型',
  `created_at` timestamp NULL DEFAULT CURRENT_TIMESTAMP,
  PRIMARY KEY (`id`),
  KEY `idx_family_date` (`family_id`,`record_date`),
  KEY `ingredient_id` (`ingredient_id`),
  CONSTRAINT `consumption_record_ibfk_1` FOREIGN KEY (`family_id`) REFERENCES `family` (`id`),
  CONSTRAINT `consumption_record_ibfk_2` FOREIGN KEY (`ingredient_id`) REFERENCES `ingredient` (`id`)
) ENGINE=InnoDB DEFAULT CHARSET=utf8mb4 COLLATE=utf8mb4_0900_ai_ci;

-- ----------------------------
-- Table structure for `family`
-- ----------------------------
CREATE TABLE `family` (
  `id` bigint NOT NULL AUTO_INCREMENT,
  `family_code` varchar(20) NOT NULL COMMENT '家庭邀请码',
  `name` varchar(100) DEFAULT NULL COMMENT '家庭名称',
  `admin_user_id` bigint DEFAULT NULL COMMENT '管理员用户ID',
  `created_at` timestamp NULL DEFAULT CURRENT_TIMESTAMP,
  PRIMARY KEY (`id`),
  UNIQUE KEY `family_code` (`family_code`),
  KEY `idx_code` (`family_code`)
) ENGINE=InnoDB AUTO_INCREMENT=3 DEFAULT CHARSET=utf8mb4 COLLATE=utf8mb4_0900_ai_ci;

LOCK TABLES `family` WRITE;
INSERT INTO `family` (`id`, `family_code`, `name`, `admin_user_id`, `created_at`) VALUES (1, 'F10FCAFC', '用户2557的家庭', 1, '2026-04-24 15:11:14.0');
INSERT INTO `family` (`id`, `family_code`, `name`, `admin_user_id`, `created_at`) VALUES (2, '9DF56E31', '用户2558的家庭', 2, '2026-04-27 11:48:10.0');
UNLOCK TABLES;

-- ----------------------------
-- Table structure for `health_tag_dict`
-- ----------------------------
CREATE TABLE `health_tag_dict` (
  `id` bigint NOT NULL AUTO_INCREMENT,
  `tag_name` varchar(50) NOT NULL COMMENT '标签名称',
  `tag_type` varchar(20) DEFAULT 'diet' COMMENT '类型：diet-饮食，allergy-过敏',
  `icon` varchar(100) DEFAULT NULL,
  `sort_order` int DEFAULT '0',
  PRIMARY KEY (`id`),
  UNIQUE KEY `uk_tag_name` (`tag_name`)
) ENGINE=InnoDB DEFAULT CHARSET=utf8mb4 COLLATE=utf8mb4_0900_ai_ci;

-- ----------------------------
-- Table structure for `ingredient`
-- ----------------------------
CREATE TABLE `ingredient` (
  `id` bigint NOT NULL AUTO_INCREMENT,
  `name` varchar(100) NOT NULL COMMENT '食材名称',
  `category` varchar(50) DEFAULT NULL COMMENT '分类：蔬菜、水果、肉类等',
  `unit` varchar(20) DEFAULT '个' COMMENT '单位',
  `image_url` varchar(500) DEFAULT NULL COMMENT '图片',
  `created_at` timestamp NULL DEFAULT CURRENT_TIMESTAMP,
  PRIMARY KEY (`id`)
) ENGINE=InnoDB AUTO_INCREMENT=12 DEFAULT CHARSET=utf8mb4 COLLATE=utf8mb4_0900_ai_ci;

LOCK TABLES `ingredient` WRITE;
INSERT INTO `ingredient` (`id`, `name`, `category`, `unit`, `image_url`, `created_at`) VALUES (1, '番茄', '蔬菜', '个', NULL, '2026-04-25 14:55:20.0');
INSERT INTO `ingredient` (`id`, `name`, `category`, `unit`, `image_url`, `created_at`) VALUES (2, '西红柿', '蔬菜', '个', NULL, '2026-04-25 15:54:23.0');
INSERT INTO `ingredient` (`id`, `name`, `category`, `unit`, `image_url`, `created_at`) VALUES (3, '西红柿', '蔬菜', '个', NULL, '2026-04-26 17:08:19.0');
INSERT INTO `ingredient` (`id`, `name`, `category`, `unit`, `image_url`, `created_at`) VALUES (4, '西红柿', '蔬菜', '个', NULL, '2026-04-26 17:21:35.0');
INSERT INTO `ingredient` (`id`, `name`, `category`, `unit`, `image_url`, `created_at`) VALUES (5, '27号买的菜', '蔬菜', '个', NULL, '2026-04-27 11:14:18.0');
INSERT INTO `ingredient` (`id`, `name`, `category`, `unit`, `image_url`, `created_at`) VALUES (6, '27号买的菜1', '蔬菜', '个', NULL, '2026-04-27 11:14:34.0');
INSERT INTO `ingredient` (`id`, `name`, `category`, `unit`, `image_url`, `created_at`) VALUES (7, '小龙虾', '蔬菜', '个', NULL, '2026-04-29 09:18:37.0');
INSERT INTO `ingredient` (`id`, `name`, `category`, `unit`, `image_url`, `created_at`) VALUES (8, '1111', '蔬菜', '个', NULL, '2026-04-29 09:21:39.0');
INSERT INTO `ingredient` (`id`, `name`, `category`, `unit`, `image_url`, `created_at`) VALUES (9, '西红柿', '蔬菜', '个', NULL, '2026-05-08 23:14:14.0');
INSERT INTO `ingredient` (`id`, `name`, `category`, `unit`, `image_url`, `created_at`) VALUES (10, '西红柿', '蔬菜', '个', NULL, '2026-05-08 23:14:16.0');
INSERT INTO `ingredient` (`id`, `name`, `category`, `unit`, `image_url`, `created_at`) VALUES (11, '西红柿', '蔬菜', '个', NULL, '2026-05-08 23:14:32.0');
UNLOCK TABLES;

-- ----------------------------
-- Table structure for `inventory`
-- ----------------------------
CREATE TABLE `inventory` (
  `id` bigint NOT NULL AUTO_INCREMENT,
  `family_id` bigint NOT NULL,
  `ingredient_id` bigint NOT NULL,
  `ingredient_name` varchar(100) DEFAULT NULL,
  `unit` varchar(20) DEFAULT NULL,
  `quantity` decimal(10,2) DEFAULT '0.00' COMMENT '数量',
  `warning_threshold` decimal(10,2) DEFAULT '0.50' COMMENT '预警阈值',
  `purchase_date` date DEFAULT NULL COMMENT '购买日期',
  `expiry_date` date DEFAULT NULL COMMENT '过期日期',
  `status` tinyint DEFAULT '1' COMMENT '状态：1-正常，2-即将过期，3-已过期',
  `created_at` timestamp NULL DEFAULT CURRENT_TIMESTAMP,
  `updated_at` timestamp NULL DEFAULT CURRENT_TIMESTAMP ON UPDATE CURRENT_TIMESTAMP,
  PRIMARY KEY (`id`),
  KEY `idx_family` (`family_id`),
  KEY `idx_expiry` (`expiry_date`),
  KEY `ingredient_id` (`ingredient_id`),
  CONSTRAINT `inventory_ibfk_1` FOREIGN KEY (`family_id`) REFERENCES `family` (`id`),
  CONSTRAINT `inventory_ibfk_2` FOREIGN KEY (`ingredient_id`) REFERENCES `ingredient` (`id`)
) ENGINE=InnoDB AUTO_INCREMENT=5 DEFAULT CHARSET=utf8mb4 COLLATE=utf8mb4_0900_ai_ci;

LOCK TABLES `inventory` WRITE;
INSERT INTO `inventory` (`id`, `family_id`, `ingredient_id`, `ingredient_name`, `unit`, `quantity`, `warning_threshold`, `purchase_date`, `expiry_date`, `status`, `created_at`, `updated_at`) VALUES (1, 1, 4, '西红柿', '个', 2.00, 0.50, '2026-04-26', NULL, 1, '2026-04-26 17:21:39.0', '2026-04-26 17:21:39.0');
INSERT INTO `inventory` (`id`, `family_id`, `ingredient_id`, `ingredient_name`, `unit`, `quantity`, `warning_threshold`, `purchase_date`, `expiry_date`, `status`, `created_at`, `updated_at`) VALUES (2, 1, 5, '27号买的菜', '个', 4.00, 0.50, '2026-04-27', NULL, 1, '2026-04-27 11:14:41.0', '2026-04-27 11:14:41.0');
INSERT INTO `inventory` (`id`, `family_id`, `ingredient_id`, `ingredient_name`, `unit`, `quantity`, `warning_threshold`, `purchase_date`, `expiry_date`, `status`, `created_at`, `updated_at`) VALUES (3, 1, 6, '27号买的菜1', '个', 4.00, 0.50, '2026-04-27', NULL, 1, '2026-04-27 11:17:02.0', '2026-04-27 11:17:02.0');
INSERT INTO `inventory` (`id`, `family_id`, `ingredient_id`, `ingredient_name`, `unit`, `quantity`, `warning_threshold`, `purchase_date`, `expiry_date`, `status`, `created_at`, `updated_at`) VALUES (4, 1, 7, '小龙虾', '个', 2.00, 0.50, '2026-04-29', NULL, 1, '2026-04-29 09:18:48.0', '2026-04-29 09:18:48.0');
UNLOCK TABLES;

-- ----------------------------
-- Table structure for `invitation`
-- ----------------------------
CREATE TABLE `invitation` (
  `id` bigint NOT NULL AUTO_INCREMENT,
  `family_id` bigint NOT NULL,
  `inviter_id` bigint NOT NULL COMMENT '邀请人ID',
  `invitee_phone` varchar(20) DEFAULT NULL COMMENT '被邀请人手机号',
  `invite_code` varchar(20) NOT NULL COMMENT '邀请码',
  `status` tinyint DEFAULT '0' COMMENT '状态：0-待接受，1-已接受，2-已过期',
  `expire_at` datetime NOT NULL COMMENT '过期时间',
  `created_at` timestamp NULL DEFAULT CURRENT_TIMESTAMP,
  PRIMARY KEY (`id`),
  KEY `idx_family` (`family_id`),
  KEY `idx_invite_code` (`invite_code`),
  KEY `idx_status` (`status`),
  CONSTRAINT `invitation_ibfk_1` FOREIGN KEY (`family_id`) REFERENCES `family` (`id`)
) ENGINE=InnoDB DEFAULT CHARSET=utf8mb4 COLLATE=utf8mb4_0900_ai_ci;

-- ----------------------------
-- Table structure for `meal_record`
-- ----------------------------
CREATE TABLE `meal_record` (
  `id` bigint NOT NULL AUTO_INCREMENT,
  `family_id` bigint NOT NULL,
  `user_id` bigint NOT NULL COMMENT '记录人',
  `recipe_id` bigint DEFAULT NULL COMMENT '菜谱ID',
  `meal_type` varchar(20) NOT NULL COMMENT '餐次：早餐、午餐、晚餐、加餐',
  `meal_date` date NOT NULL COMMENT '用餐日期',
  `notes` varchar(500) DEFAULT NULL COMMENT '备注',
  `created_at` timestamp NULL DEFAULT CURRENT_TIMESTAMP,
  PRIMARY KEY (`id`),
  KEY `idx_family_date` (`family_id`,`meal_date`),
  KEY `idx_user` (`user_id`),
  KEY `idx_recipe` (`recipe_id`),
  CONSTRAINT `meal_record_ibfk_1` FOREIGN KEY (`family_id`) REFERENCES `family` (`id`),
  CONSTRAINT `meal_record_ibfk_2` FOREIGN KEY (`recipe_id`) REFERENCES `recipe` (`id`)
) ENGINE=InnoDB AUTO_INCREMENT=14 DEFAULT CHARSET=utf8mb4 COLLATE=utf8mb4_0900_ai_ci;

LOCK TABLES `meal_record` WRITE;
INSERT INTO `meal_record` (`id`, `family_id`, `user_id`, `recipe_id`, `meal_type`, `meal_date`, `notes`, `created_at`) VALUES (8, 1, 1, NULL, 'lunch', '2026-04-24', '242', '2026-04-24 20:42:08.0');
INSERT INTO `meal_record` (`id`, `family_id`, `user_id`, `recipe_id`, `meal_type`, `meal_date`, `notes`, `created_at`) VALUES (10, 1, 1, NULL, 'breakfast', '2026-04-24', '24早', '2026-04-24 20:50:21.0');
INSERT INTO `meal_record` (`id`, `family_id`, `user_id`, `recipe_id`, `meal_type`, `meal_date`, `notes`, `created_at`) VALUES (11, 1, 1, NULL, 'breakfast', '2026-04-25', '25早上准备吃饺子', '2026-04-24 20:50:42.0');
INSERT INTO `meal_record` (`id`, `family_id`, `user_id`, `recipe_id`, `meal_type`, `meal_date`, `notes`, `created_at`) VALUES (12, 1, 1, 1, 'breakfast', '2026-04-27', NULL, '2026-04-27 10:46:17.0');
INSERT INTO `meal_record` (`id`, `family_id`, `user_id`, `recipe_id`, `meal_type`, `meal_date`, `notes`, `created_at`) VALUES (13, 1, 2, NULL, 'breakfast', '2026-04-28', '番茄炒蛋', '2026-04-29 09:20:42.0');
UNLOCK TABLES;

-- ----------------------------
-- Table structure for `recipe`
-- ----------------------------
CREATE TABLE `recipe` (
  `id` bigint NOT NULL AUTO_INCREMENT,
  `name` varchar(200) NOT NULL,
  `description` text,
  `image_url` varchar(500) DEFAULT NULL,
  `health_tags` json DEFAULT NULL COMMENT '适用健康标签',
  `difficulty` tinyint DEFAULT '1' COMMENT '难度：1-简单，2-中等，3-困难',
  `cooking_time` int DEFAULT NULL COMMENT '烹饪时间(分钟)',
  `created_at` timestamp NULL DEFAULT CURRENT_TIMESTAMP,
  `category` varchar(50) DEFAULT NULL,
  PRIMARY KEY (`id`)
) ENGINE=InnoDB AUTO_INCREMENT=6 DEFAULT CHARSET=utf8mb4 COLLATE=utf8mb4_0900_ai_ci;

LOCK TABLES `recipe` WRITE;
INSERT INTO `recipe` (`id`, `name`, `description`, `image_url`, `health_tags`, `difficulty`, `cooking_time`, `created_at`, `category`) VALUES (1, '番茄炒蛋', '', '', NULL, 1, NULL, '2026-04-24 21:30:42.0', 'vegetable');
INSERT INTO `recipe` (`id`, `name`, `description`, `image_url`, `health_tags`, `difficulty`, `cooking_time`, `created_at`, `category`) VALUES (2, '1', '', '', NULL, 1, NULL, '2026-04-24 22:08:07.0', 'meat');
INSERT INTO `recipe` (`id`, `name`, `description`, `image_url`, `health_tags`, `difficulty`, `cooking_time`, `created_at`, `category`) VALUES (3, '测试菜谱1', '', '', NULL, 1, NULL, '2026-04-27 10:46:57.0', 'soup');
INSERT INTO `recipe` (`id`, `name`, `description`, `image_url`, `health_tags`, `difficulty`, `cooking_time`, `created_at`, `category`) VALUES (4, '测试菜谱2', '', '', NULL, 1, NULL, '2026-04-27 10:51:04.0', 'vegetable');
INSERT INTO `recipe` (`id`, `name`, `description`, `image_url`, `health_tags`, `difficulty`, `cooking_time`, `created_at`, `category`) VALUES (5, '测试菜谱3', '', '', NULL, 1, NULL, '2026-04-27 10:58:50.0', 'dessert');
UNLOCK TABLES;

-- ----------------------------
-- Table structure for `recipe_ingredient`
-- ----------------------------
CREATE TABLE `recipe_ingredient` (
  `id` bigint NOT NULL AUTO_INCREMENT,
  `recipe_id` bigint NOT NULL,
  `ingredient_id` bigint NOT NULL,
  `quantity` decimal(10,2) DEFAULT NULL COMMENT '所需数量',
  `unit` varchar(20) DEFAULT NULL,
  PRIMARY KEY (`id`),
  KEY `recipe_id` (`recipe_id`),
  KEY `ingredient_id` (`ingredient_id`),
  CONSTRAINT `recipe_ingredient_ibfk_1` FOREIGN KEY (`recipe_id`) REFERENCES `recipe` (`id`),
  CONSTRAINT `recipe_ingredient_ibfk_2` FOREIGN KEY (`ingredient_id`) REFERENCES `ingredient` (`id`)
) ENGINE=InnoDB DEFAULT CHARSET=utf8mb4 COLLATE=utf8mb4_0900_ai_ci;

-- ----------------------------
-- Table structure for `shopping_history`
-- ----------------------------
CREATE TABLE `shopping_history` (
  `id` bigint NOT NULL AUTO_INCREMENT COMMENT '记录ID',
  `family_id` bigint NOT NULL COMMENT '家庭ID',
  `shopping_date` date NOT NULL COMMENT '买菜日期',
  `total_items` int DEFAULT '0' COMMENT '总食材数量',
  `purchased_items` int DEFAULT '0' COMMENT '已购买食材数量',
  `completion_rate` decimal(5,2) DEFAULT '0.00' COMMENT '完成率（百分比）',
  `created_at` timestamp NULL DEFAULT CURRENT_TIMESTAMP COMMENT '创建时间',
  PRIMARY KEY (`id`),
  KEY `idx_family_date` (`family_id`,`shopping_date`),
  CONSTRAINT `fk_shopping_history_family` FOREIGN KEY (`family_id`) REFERENCES `family` (`id`) ON DELETE CASCADE
) ENGINE=InnoDB AUTO_INCREMENT=8 DEFAULT CHARSET=utf8mb4 COLLATE=utf8mb4_0900_ai_ci COMMENT='买菜记录表';

LOCK TABLES `shopping_history` WRITE;
INSERT INTO `shopping_history` (`id`, `family_id`, `shopping_date`, `total_items`, `purchased_items`, `completion_rate`, `created_at`) VALUES (1, 1, '2026-04-25', 1, 1, 100.00, '2026-04-25 15:41:52.0');
INSERT INTO `shopping_history` (`id`, `family_id`, `shopping_date`, `total_items`, `purchased_items`, `completion_rate`, `created_at`) VALUES (2, 1, '2026-04-25', 1, 1, 100.00, '2026-04-25 15:54:28.0');
INSERT INTO `shopping_history` (`id`, `family_id`, `shopping_date`, `total_items`, `purchased_items`, `completion_rate`, `created_at`) VALUES (3, 1, '2026-04-26', 1, 1, 100.00, '2026-04-26 17:08:24.0');
INSERT INTO `shopping_history` (`id`, `family_id`, `shopping_date`, `total_items`, `purchased_items`, `completion_rate`, `created_at`) VALUES (4, 1, '2026-04-26', 1, 1, 100.00, '2026-04-26 17:21:39.0');
INSERT INTO `shopping_history` (`id`, `family_id`, `shopping_date`, `total_items`, `purchased_items`, `completion_rate`, `created_at`) VALUES (5, 1, '2026-04-27', 1, 1, 100.00, '2026-04-27 11:14:41.0');
INSERT INTO `shopping_history` (`id`, `family_id`, `shopping_date`, `total_items`, `purchased_items`, `completion_rate`, `created_at`) VALUES (6, 1, '2026-04-27', 1, 1, 100.00, '2026-04-27 11:17:02.0');
INSERT INTO `shopping_history` (`id`, `family_id`, `shopping_date`, `total_items`, `purchased_items`, `completion_rate`, `created_at`) VALUES (7, 1, '2026-04-29', 1, 1, 100.00, '2026-04-29 09:18:48.0');
UNLOCK TABLES;

-- ----------------------------
-- Table structure for `shopping_history_item`
-- ----------------------------
CREATE TABLE `shopping_history_item` (
  `id` bigint NOT NULL AUTO_INCREMENT COMMENT '详情ID',
  `shopping_history_id` bigint NOT NULL COMMENT '买菜记录ID',
  `ingredient_id` bigint NOT NULL COMMENT '食材ID',
  `ingredient_name` varchar(100) NOT NULL COMMENT '食材名称',
  `quantity` decimal(10,2) NOT NULL COMMENT '购买数量',
  `unit` varchar(20) DEFAULT '个' COMMENT '单位',
  `created_at` timestamp NULL DEFAULT CURRENT_TIMESTAMP COMMENT '创建时间',
  PRIMARY KEY (`id`),
  KEY `idx_shopping_history` (`shopping_history_id`),
  KEY `idx_ingredient` (`ingredient_id`),
  CONSTRAINT `fk_shopping_history_item_history` FOREIGN KEY (`shopping_history_id`) REFERENCES `shopping_history` (`id`) ON DELETE CASCADE,
  CONSTRAINT `fk_shopping_history_item_ingredient` FOREIGN KEY (`ingredient_id`) REFERENCES `ingredient` (`id`)
) ENGINE=InnoDB AUTO_INCREMENT=8 DEFAULT CHARSET=utf8mb4 COLLATE=utf8mb4_0900_ai_ci COMMENT='买菜记录详情表';

LOCK TABLES `shopping_history_item` WRITE;
INSERT INTO `shopping_history_item` (`id`, `shopping_history_id`, `ingredient_id`, `ingredient_name`, `quantity`, `unit`, `created_at`) VALUES (1, 1, 1, '番茄', 1.00, '个', '2026-04-25 15:41:52.0');
INSERT INTO `shopping_history_item` (`id`, `shopping_history_id`, `ingredient_id`, `ingredient_name`, `quantity`, `unit`, `created_at`) VALUES (2, 2, 2, '西红柿', 2.00, '个', '2026-04-25 15:54:28.0');
INSERT INTO `shopping_history_item` (`id`, `shopping_history_id`, `ingredient_id`, `ingredient_name`, `quantity`, `unit`, `created_at`) VALUES (3, 3, 3, '西红柿', 3.00, '个', '2026-04-26 17:08:24.0');
INSERT INTO `shopping_history_item` (`id`, `shopping_history_id`, `ingredient_id`, `ingredient_name`, `quantity`, `unit`, `created_at`) VALUES (4, 4, 4, '西红柿', 2.00, '个', '2026-04-26 17:21:39.0');
INSERT INTO `shopping_history_item` (`id`, `shopping_history_id`, `ingredient_id`, `ingredient_name`, `quantity`, `unit`, `created_at`) VALUES (5, 5, 5, '27号买的菜', 4.00, '个', '2026-04-27 11:14:41.0');
INSERT INTO `shopping_history_item` (`id`, `shopping_history_id`, `ingredient_id`, `ingredient_name`, `quantity`, `unit`, `created_at`) VALUES (6, 6, 6, '27号买的菜1', 4.00, '个', '2026-04-27 11:17:02.0');
INSERT INTO `shopping_history_item` (`id`, `shopping_history_id`, `ingredient_id`, `ingredient_name`, `quantity`, `unit`, `created_at`) VALUES (7, 7, 7, '小龙虾', 2.00, '个', '2026-04-29 09:18:48.0');
UNLOCK TABLES;

-- ----------------------------
-- Table structure for `shopping_list`
-- ----------------------------
CREATE TABLE `shopping_list` (
  `id` bigint NOT NULL AUTO_INCREMENT,
  `family_id` bigint NOT NULL,
  `ingredient_id` bigint NOT NULL,
  `quantity` decimal(10,2) NOT NULL COMMENT '待购数量',
  `priority` tinyint DEFAULT '1' COMMENT '优先级：1-低，2-中，3-高',
  `status` tinyint DEFAULT '0' COMMENT '状态：0-待购买，1-已购买',
  `created_at` timestamp NULL DEFAULT CURRENT_TIMESTAMP,
  PRIMARY KEY (`id`),
  KEY `family_id` (`family_id`),
  KEY `ingredient_id` (`ingredient_id`),
  CONSTRAINT `shopping_list_ibfk_1` FOREIGN KEY (`family_id`) REFERENCES `family` (`id`),
  CONSTRAINT `shopping_list_ibfk_2` FOREIGN KEY (`ingredient_id`) REFERENCES `ingredient` (`id`)
) ENGINE=InnoDB AUTO_INCREMENT=9 DEFAULT CHARSET=utf8mb4 COLLATE=utf8mb4_0900_ai_ci;

LOCK TABLES `shopping_list` WRITE;
INSERT INTO `shopping_list` (`id`, `family_id`, `ingredient_id`, `quantity`, `priority`, `status`, `created_at`) VALUES (8, 1, 8, 11.00, 1, 0, '2026-04-29 09:21:39.0');
UNLOCK TABLES;

-- ----------------------------
-- Table structure for `user`
-- ----------------------------
CREATE TABLE `user` (
  `id` bigint NOT NULL AUTO_INCREMENT,
  `openid` varchar(100) DEFAULT NULL COMMENT '微信openid（允许为空，因为注册时可能没有）',
  `nickname` varchar(100) DEFAULT NULL COMMENT '昵称',
  `avatar_url` varchar(500) DEFAULT NULL COMMENT '头像',
  `family_id` bigint DEFAULT NULL COMMENT '所属家庭ID',
  `current_family_id` bigint DEFAULT NULL COMMENT '当前选择的家庭ID',
  `health_tags` json DEFAULT NULL COMMENT '健康标签，如["低盐","高蛋白"]',
  `notification_settings` json DEFAULT NULL COMMENT '通知偏好设置',
  `created_at` timestamp NULL DEFAULT CURRENT_TIMESTAMP,
  `updated_at` timestamp NULL DEFAULT CURRENT_TIMESTAMP ON UPDATE CURRENT_TIMESTAMP,
  `phone` varchar(20) DEFAULT NULL COMMENT '手机号（唯一）',
  `password` varchar(100) DEFAULT NULL,
  PRIMARY KEY (`id`),
  UNIQUE KEY `openid` (`openid`),
  UNIQUE KEY `phone` (`phone`),
  KEY `idx_family` (`family_id`),
  KEY `idx_phone` (`phone`)
) ENGINE=InnoDB AUTO_INCREMENT=3 DEFAULT CHARSET=utf8mb4 COLLATE=utf8mb4_0900_ai_ci;

LOCK TABLES `user` WRITE;
INSERT INTO `user` (`id`, `openid`, `nickname`, `avatar_url`, `family_id`, `current_family_id`, `health_tags`, `notification_settings`, `created_at`, `updated_at`, `phone`, `password`) VALUES (1, 'user_15180292557_1777014674402', '用户2557', NULL, 1, NULL, '["低碳水", "高蛋白", "清真"]', NULL, '2026-04-24 15:11:14.0', '2026-04-24 16:16:44.0', '15180292557', '123123');
INSERT INTO `user` (`id`, `openid`, `nickname`, `avatar_url`, `family_id`, `current_family_id`, `health_tags`, `notification_settings`, `created_at`, `updated_at`, `phone`, `password`) VALUES (2, 'user_15180292558_1777261689564', '用户2558', NULL, 1, NULL, '["低盐", "有机", "无乳糖", "素食"]', NULL, '2026-04-27 11:48:10.0', '2026-04-29 09:22:38.0', '15180292558', '123123');
UNLOCK TABLES;

-- ----------------------------
-- Table structure for `user_health_tag`
-- ----------------------------
CREATE TABLE `user_health_tag` (
  `id` bigint NOT NULL AUTO_INCREMENT,
  `user_id` bigint NOT NULL,
  `tag_id` bigint NOT NULL,
  `created_at` timestamp NULL DEFAULT CURRENT_TIMESTAMP,
  PRIMARY KEY (`id`),
  KEY `idx_user_id` (`user_id`),
  KEY `idx_tag_id` (`tag_id`),
  CONSTRAINT `user_health_tag_ibfk_1` FOREIGN KEY (`user_id`) REFERENCES `user` (`id`) ON DELETE CASCADE,
  CONSTRAINT `user_health_tag_ibfk_2` FOREIGN KEY (`tag_id`) REFERENCES `health_tag_dict` (`id`)
) ENGINE=InnoDB DEFAULT CHARSET=utf8mb4 COLLATE=utf8mb4_0900_ai_ci;

SET FOREIGN_KEY_CHECKS = 1;
